{"swagger":"2.0","info":{"title":"PetStore","version":""},"schemes":[],"paths":{"/Category":{"get":{"description":"Retrieves all Categorys.","operationId":"getCategory","consumes":["application/json"],"produces":["application/json"],"parameters":[],"responses":{"200":{"description":"Successful","schema":{"$ref":"#/definitions/Category"}},"303":{"description":"See other"},"401":{"description":"Not authorized"},"404":{"description":"Category not found"},"500":{"description":"Internal error"}},"security":[{"Oauth2":["read"]}]}},"/Category/{id}":{"get":{"description":"Retrieves all Categorys.","operationId":"getCategoryById","consumes":["application/json"],"produces":["application/json"],"parameters":[{"name":"id","in":"path","description":"id: Id for Category","required":true,"type":"string"}],"responses":{"200":{"description":"Successful","schema":{"$ref":"#/definitions/Category"}},"303":{"description":"See other"},"401":{"description":"Not authorized"},"404":{"description":"Category not found"},"500":{"description":"Internal error"}},"security":[{"Oauth2":["read"]}]}},"/Pet":{"get":{"description":"Retrieves all Pets.","operationId":"getPet","consumes":["application/json"],"produces":["application/json"],"parameters":[],"responses":{"200":{"description":"Successful","schema":{"$ref":"#/definitions/Category"}},"303":{"description":"See other"},"401":{"description":"Not authorized"},"404":{"description":"Category not found"},"500":{"description":"Internal error"}},"security":[{"Oauth2":["read"]}]}},"/Pet/{id}":{"get":{"description":"Retrieves all Pets.","operationId":"getPetById","consumes":["application/json"],"produces":["application/json"],"parameters":[{"name":"id","in":"path","description":"id: Id for Pet","required":true,"type":"string"}],"responses":{"200":{"description":"Successful","schema":{"$ref":"#/definitions/Category"}},"303":{"description":"See other"},"401":{"description":"Not authorized"},"404":{"description":"Category not found"},"500":{"description":"Internal error"}},"security":[{"Oauth2":["read"]}]}},"/PetOrder":{"get":{"description":"Retrieves all PetOrders.","operationId":"getPetOrder","consumes":["application/json"],"produces":["application/json"],"parameters":[],"responses":{"200":{"description":"Successful","schema":{"$ref":"#/definitions/Category"}},"303":{"description":"See other"},"401":{"description":"Not authorized"},"404":{"description":"Category not found"},"500":{"description":"Internal error"}},"security":[{"Oauth2":["read"]}]}},"/PetOrder/{id}":{"get":{"description":"Retrieves all PetOrders.","operationId":"getPetOrderById","consumes":["application/json"],"produces":["application/json"],"parameters":[{"name":"id","in":"path","description":"id: Id for PetOrder","required":true,"type":"string"}],"responses":{"200":{"description":"Successful","schema":{"$ref":"#/definitions/Category"}},"303":{"description":"See other"},"401":{"description":"Not authorized"},"404":{"description":"Category not found"},"500":{"description":"Internal error"}},"security":[{"Oauth2":["read"]}]}},"/User":{"get":{"description":"Retrieves all Users.","operationId":"getUser","consumes":["application/json"],"produces":["application/json"],"parameters":[],"responses":{"200":{"description":"Successful","schema":{"$ref":"#/definitions/Category"}},"303":{"description":"See other"},"401":{"description":"Not authorized"},"404":{"description":"Category not found"},"500":{"description":"Internal error"}},"security":[{"Oauth2":["read"]}]}},"/User/{id}":{"get":{"description":"Retrieves all Users.","operationId":"getUserById","consumes":["application/json"],"produces":["application/json"],"parameters":[{"name":"id","in":"path","description":"id: Id for User","required":true,"type":"string"}],"responses":{"200":{"description":"Successful","schema":{"$ref":"#/definitions/Category"}},"303":{"description":"See other"},"401":{"description":"Not authorized"},"404":{"description":"Category not found"},"500":{"description":"Internal error"}},"security":[{"Oauth2":["read"]}]}}},"definitions":{"Category":{"properties":{"id":{"type":"number","format":"int64"},"name":{"type":"string"}},"type":"object"},"Pet":{"properties":{"category":{"$ref":"#/definitions/Category"},"id":{"type":"number","format":"int64"},"name":{"type":"string"},"photoUrls":{"type":"array","items":{"type":"string"}},"status":{"type":"string"},"tags":{"type":"array","items":{"$ref":"#/definitions/Tag"}}},"type":"object"},"PetOrder":{"properties":{"complete":{"type":"boolean"},"id":{"type":"number","format":"int64"},"petId":{"type":"number","format":"int64"},"quantity":{"type":"number","format":"int32"},"shipDate":{"type":"string","format":"date-time"},"status":{"type":"string"}},"type":"object"},"User":{"properties":{"email":{"type":"string"},"firstName":{"type":"string"},"id":{"type":"number","format":"int64"},"lastName":{"type":"string"},"password":{"type":"string"},"phone":{"type":"string"},"userStatus":{"type":"number","format":"int32"},"username":{"type":"string"}},"type":"object"},"Tag":{"properties":{"id":{"type":"number","format":"int64"},"name":{"type":"string"}},"type":"object"}},"securityDefinitions":{"Oauth2":{"type":"oauth2","flow":"implicit","authorizationUrl":"http://some.url","scopes":{"read":"Read privilege.","write":"Write privilege."}}},"security":[{"Oauth2":["read","write"]}],"tags":[{"name":"Namespace","description":"PetStore"}]}